﻿<?xml version="1.0" encoding="utf-8"?>
<StoreAssociation xmlns="http://schemas.microsoft.com/appx/2010/storeassociation">
  <Publisher>CN=8934FEF0-6C8F-4AAD-89D6-5428965707BE</Publisher>
  <PublisherDisplayName>Liquid Daffodil</PublisherDisplayName>
  <GeneratePackageHash>http://www.w3.org/2001/04/xmlenc#sha256</GeneratePackageHash>
  <SupportedLocales>
    <Language Code="af" InMinimumRequirementSet="true" />
    <Language Code="af-za" InMinimumRequirementSet="true" />
    <Language Code="am" InMinimumRequirementSet="true" />
    <Language Code="am-et" InMinimumRequirementSet="true" />
    <Language Code="ar" InMinimumRequirementSet="true" />
    <Language Code="ar-ae" InMinimumRequirementSet="true" />
    <Language Code="ar-bh" InMinimumRequirementSet="true" />
    <Language Code="ar-dz" InMinimumRequirementSet="true" />
    <Language Code="ar-eg" InMinimumRequirementSet="true" />
    <Language Code="ar-iq" InMinimumRequirementSet="true" />
    <Language Code="ar-jo" InMinimumRequirementSet="true" />
    <Language Code="ar-kw" InMinimumRequirementSet="true" />
    <Language Code="ar-lb" InMinimumRequirementSet="true" />
    <Language Code="ar-ly" InMinimumRequirementSet="true" />
    <Language Code="ar-ma" InMinimumRequirementSet="true" />
    <Language Code="ar-om" InMinimumRequirementSet="true" />
    <Language Code="ar-qa" InMinimumRequirementSet="true" />
    <Language Code="ar-sa" InMinimumRequirementSet="true" />
    <Language Code="ar-sy" InMinimumRequirementSet="true" />
    <Language Code="ar-tn" InMinimumRequirementSet="true" />
    <Language Code="ar-ye" InMinimumRequirementSet="true" />
    <Language Code="as" InMinimumRequirementSet="true" />
    <Language Code="as-in" InMinimumRequirementSet="true" />
    <Language Code="az" InMinimumRequirementSet="true" />
    <Language Code="az-arab" InMinimumRequirementSet="true" />
    <Language Code="az-arab-az" InMinimumRequirementSet="true" />
    <Language Code="az-cyrl" InMinimumRequirementSet="true" />
    <Language Code="az-cyrl-az" InMinimumRequirementSet="true" />
    <Language Code="az-latn" InMinimumRequirementSet="true" />
    <Language Code="az-latn-az" InMinimumRequirementSet="true" />
    <Language Code="be" InMinimumRequirementSet="true" />
    <Language Code="be-by" InMinimumRequirementSet="true" />
    <Language Code="bg" InMinimumRequirementSet="true" />
    <Language Code="bg-bg" InMinimumRequirementSet="true" />
    <Language Code="bn" InMinimumRequirementSet="true" />
    <Language Code="bn-bd" InMinimumRequirementSet="true" />
    <Language Code="bn-in" InMinimumRequirementSet="true" />
    <Language Code="bs" InMinimumRequirementSet="true" />
    <Language Code="bs-cyrl" InMinimumRequirementSet="true" />
    <Language Code="bs-cyrl-ba" InMinimumRequirementSet="true" />
    <Language Code="bs-latn" InMinimumRequirementSet="true" />
    <Language Code="bs-latn-ba" InMinimumRequirementSet="true" />
    <Language Code="ca" InMinimumRequirementSet="true" />
    <Language Code="ca-es" InMinimumRequirementSet="true" />
    <Language Code="ca-es-valencia" InMinimumRequirementSet="true" />
    <Language Code="chr-cher" InMinimumRequirementSet="true" />
    <Language Code="chr-cher-us" InMinimumRequirementSet="true" />
    <Language Code="chr-latn" InMinimumRequirementSet="true" />
    <Language Code="cs" InMinimumRequirementSet="true" />
    <Language Code="cs-cz" InMinimumRequirementSet="true" />
    <Language Code="cy" InMinimumRequirementSet="true" />
    <Language Code="cy-gb" InMinimumRequirementSet="true" />
    <Language Code="da" InMinimumRequirementSet="true" />
    <Language Code="da-dk" InMinimumRequirementSet="true" />
    <Language Code="de" InMinimumRequirementSet="true" />
    <Language Code="de-at" InMinimumRequirementSet="true" />
    <Language Code="de-ch" InMinimumRequirementSet="true" />
    <Language Code="de-de" InMinimumRequirementSet="true" />
    <Language Code="de-li" InMinimumRequirementSet="true" />
    <Language Code="de-lu" InMinimumRequirementSet="true" />
    <Language Code="el" InMinimumRequirementSet="true" />
    <Language Code="el-gr" InMinimumRequirementSet="true" />
    <Language Code="en" InMinimumRequirementSet="true" />
    <Language Code="en-011" InMinimumRequirementSet="true" />
    <Language Code="en-014" InMinimumRequirementSet="true" />
    <Language Code="en-018" InMinimumRequirementSet="true" />
    <Language Code="en-021" InMinimumRequirementSet="true" />
    <Language Code="en-029" InMinimumRequirementSet="true" />
    <Language Code="en-053" InMinimumRequirementSet="true" />
    <Language Code="en-au" InMinimumRequirementSet="true" />
    <Language Code="en-bz" InMinimumRequirementSet="true" />
    <Language Code="en-ca" InMinimumRequirementSet="true" />
    <Language Code="en-gb" InMinimumRequirementSet="true" />
    <Language Code="en-hk" InMinimumRequirementSet="true" />
    <Language Code="en-id" InMinimumRequirementSet="true" />
    <Language Code="en-ie" InMinimumRequirementSet="true" />
    <Language Code="en-in" InMinimumRequirementSet="true" />
    <Language Code="en-jm" InMinimumRequirementSet="true" />
    <Language Code="en-kz" InMinimumRequirementSet="true" />
    <Language Code="en-mt" InMinimumRequirementSet="true" />
    <Language Code="en-my" InMinimumRequirementSet="true" />
    <Language Code="en-nz" InMinimumRequirementSet="true" />
    <Language Code="en-ph" InMinimumRequirementSet="true" />
    <Language Code="en-pk" InMinimumRequirementSet="true" />
    <Language Code="en-sg" InMinimumRequirementSet="true" />
    <Language Code="en-tt" InMinimumRequirementSet="true" />
    <Language Code="en-us" InMinimumRequirementSet="true" />
    <Language Code="en-vn" InMinimumRequirementSet="true" />
    <Language Code="en-za" InMinimumRequirementSet="true" />
    <Language Code="en-zw" InMinimumRequirementSet="true" />
    <Language Code="es" InMinimumRequirementSet="true" />
    <Language Code="es-019" InMinimumRequirementSet="true" />
    <Language Code="es-419" InMinimumRequirementSet="true" />
    <Language Code="es-ar" InMinimumRequirementSet="true" />
    <Language Code="es-bo" InMinimumRequirementSet="true" />
    <Language Code="es-cl" InMinimumRequirementSet="true" />
    <Language Code="es-co" InMinimumRequirementSet="true" />
    <Language Code="es-cr" InMinimumRequirementSet="true" />
    <Language Code="es-do" InMinimumRequirementSet="true" />
    <Language Code="es-ec" InMinimumRequirementSet="true" />
    <Language Code="es-es" InMinimumRequirementSet="true" />
    <Language Code="es-gt" InMinimumRequirementSet="true" />
    <Language Code="es-hn" InMinimumRequirementSet="true" />
    <Language Code="es-mx" InMinimumRequirementSet="true" />
    <Language Code="es-ni" InMinimumRequirementSet="true" />
    <Language Code="es-pa" InMinimumRequirementSet="true" />
    <Language Code="es-pe" InMinimumRequirementSet="true" />
    <Language Code="es-pr" InMinimumRequirementSet="true" />
    <Language Code="es-py" InMinimumRequirementSet="true" />
    <Language Code="es-sv" InMinimumRequirementSet="true" />
    <Language Code="es-us" InMinimumRequirementSet="true" />
    <Language Code="es-uy" InMinimumRequirementSet="true" />
    <Language Code="es-ve" InMinimumRequirementSet="true" />
    <Language Code="et" InMinimumRequirementSet="true" />
    <Language Code="et-ee" InMinimumRequirementSet="true" />
    <Language Code="eu" InMinimumRequirementSet="true" />
    <Language Code="eu-es" InMinimumRequirementSet="true" />
    <Language Code="fa" InMinimumRequirementSet="true" />
    <Language Code="fa-ir" InMinimumRequirementSet="true" />
    <Language Code="fi" InMinimumRequirementSet="true" />
    <Language Code="fi-fi" InMinimumRequirementSet="true" />
    <Language Code="fil" InMinimumRequirementSet="true" />
    <Language Code="fil-latn" InMinimumRequirementSet="true" />
    <Language Code="fil-ph" InMinimumRequirementSet="true" />
    <Language Code="fr" InMinimumRequirementSet="true" />
    <Language Code="fr-011" InMinimumRequirementSet="true" />
    <Language Code="fr-015" InMinimumRequirementSet="true" />
    <Language Code="fr-021" InMinimumRequirementSet="true" />
    <Language Code="fr-029" InMinimumRequirementSet="true" />
    <Language Code="fr-155" InMinimumRequirementSet="true" />
    <Language Code="fr-be" InMinimumRequirementSet="true" />
    <Language Code="fr-ca" InMinimumRequirementSet="true" />
    <Language Code="fr-cd" InMinimumRequirementSet="true" />
    <Language Code="fr-ch" InMinimumRequirementSet="true" />
    <Language Code="fr-ci" InMinimumRequirementSet="true" />
    <Language Code="fr-cm" InMinimumRequirementSet="true" />
    <Language Code="fr-fr" InMinimumRequirementSet="true" />
    <Language Code="fr-ht" InMinimumRequirementSet="true" />
    <Language Code="fr-lu" InMinimumRequirementSet="true" />
    <Language Code="fr-ma" InMinimumRequirementSet="true" />
    <Language Code="fr-mc" InMinimumRequirementSet="true" />
    <Language Code="fr-ml" InMinimumRequirementSet="true" />
    <Language Code="fr-re" InMinimumRequirementSet="true" />
    <Language Code="frc-latn" InMinimumRequirementSet="true" />
    <Language Code="frp-latn" InMinimumRequirementSet="true" />
    <Language Code="ga" InMinimumRequirementSet="true" />
    <Language Code="ga-ie" InMinimumRequirementSet="true" />
    <Language Code="gd-gb" InMinimumRequirementSet="true" />
    <Language Code="gd-latn" InMinimumRequirementSet="true" />
    <Language Code="gl" InMinimumRequirementSet="true" />
    <Language Code="gl-es" InMinimumRequirementSet="true" />
    <Language Code="gu" InMinimumRequirementSet="true" />
    <Language Code="gu-in" InMinimumRequirementSet="true" />
    <Language Code="ha" InMinimumRequirementSet="true" />
    <Language Code="ha-latn" InMinimumRequirementSet="true" />
    <Language Code="ha-latn-ng" InMinimumRequirementSet="true" />
    <Language Code="he" InMinimumRequirementSet="true" />
    <Language Code="he-il" InMinimumRequirementSet="true" />
    <Language Code="hi" InMinimumRequirementSet="true" />
    <Language Code="hi-in" InMinimumRequirementSet="true" />
    <Language Code="hr" InMinimumRequirementSet="true" />
    <Language Code="hr-ba" InMinimumRequirementSet="true" />
    <Language Code="hr-hr" InMinimumRequirementSet="true" />
    <Language Code="hu" InMinimumRequirementSet="true" />
    <Language Code="hu-hu" InMinimumRequirementSet="true" />
    <Language Code="hy" InMinimumRequirementSet="true" />
    <Language Code="hy-am" InMinimumRequirementSet="true" />
    <Language Code="id" InMinimumRequirementSet="true" />
    <Language Code="id-id" InMinimumRequirementSet="true" />
    <Language Code="ig-latn" InMinimumRequirementSet="true" />
    <Language Code="ig-ng" InMinimumRequirementSet="true" />
    <Language Code="is" InMinimumRequirementSet="true" />
    <Language Code="is-is" InMinimumRequirementSet="true" />
    <Language Code="it" InMinimumRequirementSet="true" />
    <Language Code="it-ch" InMinimumRequirementSet="true" />
    <Language Code="it-it" InMinimumRequirementSet="true" />
    <Language Code="iu-cans" InMinimumRequirementSet="true" />
    <Language Code="iu-latn" InMinimumRequirementSet="true" />
    <Language Code="iu-latn-ca" InMinimumRequirementSet="true" />
    <Language Code="ja" InMinimumRequirementSet="true" />
    <Language Code="ja-jp" InMinimumRequirementSet="true" />
    <Language Code="ka" InMinimumRequirementSet="true" />
    <Language Code="ka-ge" InMinimumRequirementSet="true" />
    <Language Code="kk" InMinimumRequirementSet="true" />
    <Language Code="kk-kz" InMinimumRequirementSet="true" />
    <Language Code="km" InMinimumRequirementSet="true" />
    <Language Code="km-kh" InMinimumRequirementSet="true" />
    <Language Code="kn" InMinimumRequirementSet="true" />
    <Language Code="kn-in" InMinimumRequirementSet="true" />
    <Language Code="ko" InMinimumRequirementSet="true" />
    <Language Code="ko-kr" InMinimumRequirementSet="true" />
    <Language Code="kok" InMinimumRequirementSet="true" />
    <Language Code="kok-in" InMinimumRequirementSet="true" />
    <Language Code="ku-arab" InMinimumRequirementSet="true" />
    <Language Code="ku-arab-iq" InMinimumRequirementSet="true" />
    <Language Code="ky-cyrl" InMinimumRequirementSet="true" />
    <Language Code="ky-kg" InMinimumRequirementSet="true" />
    <Language Code="lb" InMinimumRequirementSet="true" />
    <Language Code="lb-lu" InMinimumRequirementSet="true" />
    <Language Code="lo" InMinimumRequirementSet="true" />
    <Language Code="lo-la" InMinimumRequirementSet="true" />
    <Language Code="lt" InMinimumRequirementSet="true" />
    <Language Code="lt-lt" InMinimumRequirementSet="true" />
    <Language Code="lv" InMinimumRequirementSet="true" />
    <Language Code="lv-lv" InMinimumRequirementSet="true" />
    <Language Code="mi" InMinimumRequirementSet="true" />
    <Language Code="mi-latn" InMinimumRequirementSet="true" />
    <Language Code="mi-nz" InMinimumRequirementSet="true" />
    <Language Code="mk" InMinimumRequirementSet="true" />
    <Language Code="mk-mk" InMinimumRequirementSet="true" />
    <Language Code="ml" InMinimumRequirementSet="true" />
    <Language Code="ml-in" InMinimumRequirementSet="true" />
    <Language Code="mn-cyrl" InMinimumRequirementSet="true" />
    <Language Code="mn-mn" InMinimumRequirementSet="true" />
    <Language Code="mn-mong" InMinimumRequirementSet="true" />
    <Language Code="mn-phag" InMinimumRequirementSet="true" />
    <Language Code="mr" InMinimumRequirementSet="true" />
    <Language Code="mr-in" InMinimumRequirementSet="true" />
    <Language Code="ms" InMinimumRequirementSet="true" />
    <Language Code="ms-bn" InMinimumRequirementSet="true" />
    <Language Code="ms-my" InMinimumRequirementSet="true" />
    <Language Code="mt" InMinimumRequirementSet="true" />
    <Language Code="mt-mt" InMinimumRequirementSet="true" />
    <Language Code="nb" InMinimumRequirementSet="true" />
    <Language Code="nb-no" InMinimumRequirementSet="true" />
    <Language Code="ne" InMinimumRequirementSet="true" />
    <Language Code="ne-np" InMinimumRequirementSet="true" />
    <Language Code="nl" InMinimumRequirementSet="true" />
    <Language Code="nl-be" InMinimumRequirementSet="true" />
    <Language Code="nl-nl" InMinimumRequirementSet="true" />
    <Language Code="nn" InMinimumRequirementSet="true" />
    <Language Code="nn-no" InMinimumRequirementSet="true" />
    <Language Code="no" InMinimumRequirementSet="true" />
    <Language Code="no-no" InMinimumRequirementSet="true" />
    <Language Code="nso" InMinimumRequirementSet="true" />
    <Language Code="nso-za" InMinimumRequirementSet="true" />
    <Language Code="or" InMinimumRequirementSet="true" />
    <Language Code="or-in" InMinimumRequirementSet="true" />
    <Language Code="pa" InMinimumRequirementSet="true" />
    <Language Code="pa-arab" InMinimumRequirementSet="true" />
    <Language Code="pa-arab-pk" InMinimumRequirementSet="true" />
    <Language Code="pa-deva" InMinimumRequirementSet="true" />
    <Language Code="pa-in" InMinimumRequirementSet="true" />
    <Language Code="pl" InMinimumRequirementSet="true" />
    <Language Code="pl-pl" InMinimumRequirementSet="true" />
    <Language Code="prs" InMinimumRequirementSet="true" />
    <Language Code="prs-af" InMinimumRequirementSet="true" />
    <Language Code="prs-arab" InMinimumRequirementSet="true" />
    <Language Code="pt" InMinimumRequirementSet="true" />
    <Language Code="pt-br" InMinimumRequirementSet="true" />
    <Language Code="pt-pt" InMinimumRequirementSet="true" />
    <Language Code="quc-latn" InMinimumRequirementSet="true" />
    <Language Code="qut-gt" InMinimumRequirementSet="true" />
    <Language Code="qut-latn" InMinimumRequirementSet="true" />
    <Language Code="quz" InMinimumRequirementSet="true" />
    <Language Code="quz-bo" InMinimumRequirementSet="true" />
    <Language Code="quz-ec" InMinimumRequirementSet="true" />
    <Language Code="quz-pe" InMinimumRequirementSet="true" />
    <Language Code="ro" InMinimumRequirementSet="true" />
    <Language Code="ro-ro" InMinimumRequirementSet="true" />
    <Language Code="ru" InMinimumRequirementSet="true" />
    <Language Code="ru-ru" InMinimumRequirementSet="true" />
    <Language Code="rw" InMinimumRequirementSet="true" />
    <Language Code="rw-rw" InMinimumRequirementSet="true" />
    <Language Code="sd-arab" InMinimumRequirementSet="true" />
    <Language Code="sd-arab-pk" InMinimumRequirementSet="true" />
    <Language Code="sd-deva" InMinimumRequirementSet="true" />
    <Language Code="si" InMinimumRequirementSet="true" />
    <Language Code="si-lk" InMinimumRequirementSet="true" />
    <Language Code="sk" InMinimumRequirementSet="true" />
    <Language Code="sk-sk" InMinimumRequirementSet="true" />
    <Language Code="sl" InMinimumRequirementSet="true" />
    <Language Code="sl-si" InMinimumRequirementSet="true" />
    <Language Code="sq" InMinimumRequirementSet="true" />
    <Language Code="sq-al" InMinimumRequirementSet="true" />
    <Language Code="sr" InMinimumRequirementSet="true" />
    <Language Code="sr-cyrl" InMinimumRequirementSet="true" />
    <Language Code="sr-cyrl-ba" InMinimumRequirementSet="true" />
    <Language Code="sr-cyrl-cs" InMinimumRequirementSet="true" />
    <Language Code="sr-cyrl-me" InMinimumRequirementSet="true" />
    <Language Code="sr-cyrl-rs" InMinimumRequirementSet="true" />
    <Language Code="sr-latn" InMinimumRequirementSet="true" />
    <Language Code="sr-latn-ba" InMinimumRequirementSet="true" />
    <Language Code="sr-latn-cs" InMinimumRequirementSet="true" />
    <Language Code="sr-latn-me" InMinimumRequirementSet="true" />
    <Language Code="sr-latn-rs" InMinimumRequirementSet="true" />
    <Language Code="sv" InMinimumRequirementSet="true" />
    <Language Code="sv-fi" InMinimumRequirementSet="true" />
    <Language Code="sv-se" InMinimumRequirementSet="true" />
    <Language Code="sw" InMinimumRequirementSet="true" />
    <Language Code="sw-ke" InMinimumRequirementSet="true" />
    <Language Code="ta" InMinimumRequirementSet="true" />
    <Language Code="ta-in" InMinimumRequirementSet="true" />
    <Language Code="te" InMinimumRequirementSet="true" />
    <Language Code="te-in" InMinimumRequirementSet="true" />
    <Language Code="tg-arab" InMinimumRequirementSet="true" />
    <Language Code="tg-cyrl" InMinimumRequirementSet="true" />
    <Language Code="tg-cyrl-tj" InMinimumRequirementSet="true" />
    <Language Code="tg-latn" InMinimumRequirementSet="true" />
    <Language Code="th" InMinimumRequirementSet="true" />
    <Language Code="th-th" InMinimumRequirementSet="true" />
    <Language Code="ti" InMinimumRequirementSet="true" />
    <Language Code="ti-et" InMinimumRequirementSet="true" />
    <Language Code="tk-cyrl" InMinimumRequirementSet="true" />
    <Language Code="tk-cyrl-tr" InMinimumRequirementSet="true" />
    <Language Code="tk-latn" InMinimumRequirementSet="true" />
    <Language Code="tk-latn-tr" InMinimumRequirementSet="true" />
    <Language Code="tk-tm" InMinimumRequirementSet="true" />
    <Language Code="tn" InMinimumRequirementSet="true" />
    <Language Code="tn-bw" InMinimumRequirementSet="true" />
    <Language Code="tn-za" InMinimumRequirementSet="true" />
    <Language Code="tr" InMinimumRequirementSet="true" />
    <Language Code="tr-tr" InMinimumRequirementSet="true" />
    <Language Code="tt-arab" InMinimumRequirementSet="true" />
    <Language Code="tt-cyrl" InMinimumRequirementSet="true" />
    <Language Code="tt-latn" InMinimumRequirementSet="true" />
    <Language Code="tt-ru" InMinimumRequirementSet="true" />
    <Language Code="ug-arab" InMinimumRequirementSet="true" />
    <Language Code="ug-cn" InMinimumRequirementSet="true" />
    <Language Code="ug-cyrl" InMinimumRequirementSet="true" />
    <Language Code="ug-latn" InMinimumRequirementSet="true" />
    <Language Code="uk" InMinimumRequirementSet="true" />
    <Language Code="uk-ua" InMinimumRequirementSet="true" />
    <Language Code="ur" InMinimumRequirementSet="true" />
    <Language Code="ur-pk" InMinimumRequirementSet="true" />
    <Language Code="uz" InMinimumRequirementSet="true" />
    <Language Code="uz-cyrl" InMinimumRequirementSet="true" />
    <Language Code="uz-latn" InMinimumRequirementSet="true" />
    <Language Code="uz-latn-uz" InMinimumRequirementSet="true" />
    <Language Code="vi" InMinimumRequirementSet="true" />
    <Language Code="vi-vn" InMinimumRequirementSet="true" />
    <Language Code="wo" InMinimumRequirementSet="true" />
    <Language Code="wo-sn" InMinimumRequirementSet="true" />
    <Language Code="xh" InMinimumRequirementSet="true" />
    <Language Code="xh-za" InMinimumRequirementSet="true" />
    <Language Code="yo-latn" InMinimumRequirementSet="true" />
    <Language Code="yo-ng" InMinimumRequirementSet="true" />
    <Language Code="zh" InMinimumRequirementSet="true" />
    <Language Code="zh-cn" InMinimumRequirementSet="true" />
    <Language Code="zh-hans" InMinimumRequirementSet="true" />
    <Language Code="zh-hans-cn" InMinimumRequirementSet="true" />
    <Language Code="zh-hans-sg" InMinimumRequirementSet="true" />
    <Language Code="zh-hant" InMinimumRequirementSet="true" />
    <Language Code="zh-hant-hk" InMinimumRequirementSet="true" />
    <Language Code="zh-hant-mo" InMinimumRequirementSet="true" />
    <Language Code="zh-hant-tw" InMinimumRequirementSet="true" />
    <Language Code="zh-hk" InMinimumRequirementSet="true" />
    <Language Code="zh-mo" InMinimumRequirementSet="true" />
    <Language Code="zh-sg" InMinimumRequirementSet="true" />
    <Language Code="zh-tw" InMinimumRequirementSet="true" />
    <Language Code="zu" InMinimumRequirementSet="true" />
    <Language Code="zu-za" InMinimumRequirementSet="true" />
  </SupportedLocales>
  <ProductReservedInfo>
    <MainPackageIdentityName>LiquidDaffodil.CogsExplorer</MainPackageIdentityName>
    <ReservedNames>
      <ReservedName>Cogs Explorer</ReservedName>
    </ReservedNames>
  </ProductReservedInfo>
  <AccountPackageIdentityNames>
    <MainPackageIdentityName>LiquidDaffodil.2584204F4A0CB</MainPackageIdentityName>
    <MainPackageIdentityName>LiquidDaffodil.hasheesh</MainPackageIdentityName>
    <MainPackageIdentityName>LiquidDaffodil.hashpipes</MainPackageIdentityName>
    <MainPackageIdentityName>LiquidDaffodil.pipes</MainPackageIdentityName>
    <MainPackageIdentityName>LiquidDaffodil.winphinder</MainPackageIdentityName>
    <MainPackageIdentityName>LiquidDaffodil..Clippy</MainPackageIdentityName>
    <MainPackageIdentityName>LiquidDaffodil..liquify</MainPackageIdentityName>
    <MainPackageIdentityName>LiquidDaffodil..phoney</MainPackageIdentityName>
    <MainPackageIdentityName>LiquidDaffodil.455975A42C76</MainPackageIdentityName>
    <MainPackageIdentityName>LiquidDaffodil.Helium</MainPackageIdentityName>
    <MainPackageIdentityName>LiquidDaffodil.3.me</MainPackageIdentityName>
    <MainPackageIdentityName>LiquidDaffodil.4twenty</MainPackageIdentityName>
    <MainPackageIdentityName>LiquidDaffodil.TwitterAppPinpointer</MainPackageIdentityName>
    <MainPackageIdentityName>LiquidDaffodil.ADayintheLife</MainPackageIdentityName>
    <MainPackageIdentityName>LiquidDaffodil.AddtoContacts</MainPackageIdentityName>
    <MainPackageIdentityName>LiquidDaffodil.360595B738B31</MainPackageIdentityName>
    <MainPackageIdentityName>LiquidDaffodil.AdminPoint</MainPackageIdentityName>
    <MainPackageIdentityName>LiquidDaffodil.Backpack</MainPackageIdentityName>
    <MainPackageIdentityName>LiquidDaffodil.BandAlerts</MainPackageIdentityName>
    <MainPackageIdentityName>LiquidDaffodil.561682876FABD</MainPackageIdentityName>
    <MainPackageIdentityName>LiquidDaffodil.Band-Aid</MainPackageIdentityName>
    <MainPackageIdentityName>LiquidDaffodil.Band-Aide</MainPackageIdentityName>
    <MainPackageIdentityName>LiquidDaffodil.BandAlert</MainPackageIdentityName>
    <MainPackageIdentityName>LiquidDaffodil.Bandana</MainPackageIdentityName>
    <MainPackageIdentityName>LiquidDaffodil.Bandcaster</MainPackageIdentityName>
    <MainPackageIdentityName>LiquidDaffodil.bandfan</MainPackageIdentityName>
    <MainPackageIdentityName>LiquidDaffodil.Bandfold</MainPackageIdentityName>
    <MainPackageIdentityName>LiquidDaffodil.BandPay</MainPackageIdentityName>
    <MainPackageIdentityName>LiquidDaffodil.Bandsider</MainPackageIdentityName>
    <MainPackageIdentityName>LiquidDaffodil.Bandtrails</MainPackageIdentityName>
    <MainPackageIdentityName>LiquidDaffodil.Birdbrain</MainPackageIdentityName>
    <MainPackageIdentityName>LiquidDaffodil.bittersweet</MainPackageIdentityName>
    <MainPackageIdentityName>LiquidDaffodil.BlackjackforManiacs</MainPackageIdentityName>
    <MainPackageIdentityName>LiquidDaffodil.BlackJacked</MainPackageIdentityName>
    <MainPackageIdentityName>LiquidDaffodil.38724ECAAA389</MainPackageIdentityName>
    <MainPackageIdentityName>LiquidDaffodil.BradFlix</MainPackageIdentityName>
    <MainPackageIdentityName>LiquidDaffodil.bushwhack</MainPackageIdentityName>
    <MainPackageIdentityName>LiquidDaffodil.CheckMeIn</MainPackageIdentityName>
    <MainPackageIdentityName>LiquidDaffodil.ChubbyChecker</MainPackageIdentityName>
    <MainPackageIdentityName>LiquidDaffodil.ChubbyCheckr</MainPackageIdentityName>
    <MainPackageIdentityName>LiquidDaffodil.ConvenienceCopy</MainPackageIdentityName>
    <MainPackageIdentityName>LiquidDaffodil.Cortanium</MainPackageIdentityName>
    <MainPackageIdentityName>LiquidDaffodil.Cowlick</MainPackageIdentityName>
    <MainPackageIdentityName>LiquidDaffodil.Cumulotweetus</MainPackageIdentityName>
    <MainPackageIdentityName>LiquidDaffodil.Darkhorse</MainPackageIdentityName>
    <MainPackageIdentityName>LiquidDaffodil.Delver</MainPackageIdentityName>
    <MainPackageIdentityName>LiquidDaffodil.doodlerevolution</MainPackageIdentityName>
    <MainPackageIdentityName>LiquidDaffodil.DragonDrop</MainPackageIdentityName>
    <MainPackageIdentityName>LiquidDaffodil.DroneLanderMissionControl</MainPackageIdentityName>
    <MainPackageIdentityName>LiquidDaffodil.DyingSocial</MainPackageIdentityName>
    <MainPackageIdentityName>LiquidDaffodil.Factoid</MainPackageIdentityName>
    <MainPackageIdentityName>LiquidDaffodil.fanband</MainPackageIdentityName>
    <MainPackageIdentityName>LiquidDaffodil.fanbandOne</MainPackageIdentityName>
    <MainPackageIdentityName>LiquidDaffodil.fantweestic</MainPackageIdentityName>
    <MainPackageIdentityName>LiquidDaffodil.51518B0E8C27</MainPackageIdentityName>
    <MainPackageIdentityName>LiquidDaffodil.favor</MainPackageIdentityName>
    <MainPackageIdentityName>LiquidDaffodil.favor8s</MainPackageIdentityName>
    <MainPackageIdentityName>LiquidDaffodil.Fhoney</MainPackageIdentityName>
    <MainPackageIdentityName>LiquidDaffodil.46180FFE32106</MainPackageIdentityName>
    <MainPackageIdentityName>LiquidDaffodil.FirstResponder</MainPackageIdentityName>
    <MainPackageIdentityName>LiquidDaffodil.Flipbored</MainPackageIdentityName>
    <MainPackageIdentityName>LiquidDaffodil.flyby</MainPackageIdentityName>
    <MainPackageIdentityName>LiquidDaffodil.fourtwenty</MainPackageIdentityName>
    <MainPackageIdentityName>LiquidDaffodil.GamerScreen</MainPackageIdentityName>
    <MainPackageIdentityName>LiquidDaffodil.glk</MainPackageIdentityName>
    <MainPackageIdentityName>LiquidDaffodil.GnomeMansLand</MainPackageIdentityName>
    <MainPackageIdentityName>LiquidDaffodil.GodBox</MainPackageIdentityName>
    <MainPackageIdentityName>LiquidDaffodil.HZ</MainPackageIdentityName>
    <MainPackageIdentityName>LiquidDaffodil.31797380FCB7E</MainPackageIdentityName>
    <MainPackageIdentityName>LiquidDaffodil.34449EA718502</MainPackageIdentityName>
    <MainPackageIdentityName>LiquidDaffodil.20434B2A6F6EC</MainPackageIdentityName>
    <MainPackageIdentityName>LiquidDaffodil.2160813923BC0</MainPackageIdentityName>
    <MainPackageIdentityName>LiquidDaffodil.IMHO</MainPackageIdentityName>
    <MainPackageIdentityName>LiquidDaffodil.Instajam</MainPackageIdentityName>
    <MainPackageIdentityName>LiquidDaffodil.intellipest</MainPackageIdentityName>
    <MainPackageIdentityName>LiquidDaffodil.JamTiles</MainPackageIdentityName>
    <MainPackageIdentityName>LiquidDaffodil.JustToday</MainPackageIdentityName>
    <MainPackageIdentityName>LiquidDaffodil.KRServiceTools</MainPackageIdentityName>
    <MainPackageIdentityName>LiquidDaffodil.LifeinaDay</MainPackageIdentityName>
    <MainPackageIdentityName>LiquidDaffodil.LiquidDaffodil</MainPackageIdentityName>
    <MainPackageIdentityName>LiquidDaffodil.Liquify</MainPackageIdentityName>
    <MainPackageIdentityName>LiquidDaffodil.60929F0E21971</MainPackageIdentityName>
    <MainPackageIdentityName>LiquidDaffodil.Locksider</MainPackageIdentityName>
    <MainPackageIdentityName>LiquidDaffodil.Lubbilub</MainPackageIdentityName>
    <MainPackageIdentityName>LiquidDaffodil.ManCave</MainPackageIdentityName>
    <MainPackageIdentityName>LiquidDaffodil.Manzana</MainPackageIdentityName>
    <MainPackageIdentityName>LiquidDaffodil.ManzanaOffice</MainPackageIdentityName>
    <MainPackageIdentityName>LiquidDaffodil.MapPoint</MainPackageIdentityName>
    <MainPackageIdentityName>LiquidDaffodil.MessageSearch</MainPackageIdentityName>
    <MainPackageIdentityName>LiquidDaffodil.mughwI</MainPackageIdentityName>
    <MainPackageIdentityName>LiquidDaffodil.MySideoftheStreet</MainPackageIdentityName>
    <MainPackageIdentityName>LiquidDaffodil.NateFrenchysLifeCoach</MainPackageIdentityName>
    <MainPackageIdentityName>LiquidDaffodil.NateFrenchysOneFlick</MainPackageIdentityName>
    <MainPackageIdentityName>LiquidDaffodil.NateFrenchysRandomAxe</MainPackageIdentityName>
    <MainPackageIdentityName>LiquidDaffodil.NateFrenchysRockClock</MainPackageIdentityName>
    <MainPackageIdentityName>LiquidDaffodil.NateFrenchysToolkit</MainPackageIdentityName>
    <MainPackageIdentityName>LiquidDaffodil.NateFrenchysTranslator</MainPackageIdentityName>
    <MainPackageIdentityName>LiquidDaffodil.NateFrenchysTweetBlender</MainPackageIdentityName>
    <MainPackageIdentityName>LiquidDaffodil.NateFrenchysVoodooMama</MainPackageIdentityName>
    <MainPackageIdentityName>LiquidDaffodil.nihiliSMS</MainPackageIdentityName>
    <MainPackageIdentityName>LiquidDaffodil.549254D4C31B4</MainPackageIdentityName>
    <MainPackageIdentityName>LiquidDaffodil.OfficePoint</MainPackageIdentityName>
    <MainPackageIdentityName>LiquidDaffodil.OfficePointMobile</MainPackageIdentityName>
    <MainPackageIdentityName>LiquidDaffodil.OneBoard</MainPackageIdentityName>
    <MainPackageIdentityName>LiquidDaffodil.OneBox</MainPackageIdentityName>
    <MainPackageIdentityName>LiquidDaffodil.OneFlick</MainPackageIdentityName>
    <MainPackageIdentityName>LiquidDaffodil.OneGroove</MainPackageIdentityName>
    <MainPackageIdentityName>LiquidDaffodil.OnePoint</MainPackageIdentityName>
    <MainPackageIdentityName>LiquidDaffodil.OneSendforBusiness</MainPackageIdentityName>
    <MainPackageIdentityName>LiquidDaffodil.OneZip</MainPackageIdentityName>
    <MainPackageIdentityName>LiquidDaffodil.OnionSoup</MainPackageIdentityName>
    <MainPackageIdentityName>LiquidDaffodil.Outline</MainPackageIdentityName>
    <MainPackageIdentityName>LiquidDaffodil.118305BBC8B8C</MainPackageIdentityName>
    <MainPackageIdentityName>LiquidDaffodil.Oxenfree</MainPackageIdentityName>
    <MainPackageIdentityName>LiquidDaffodil.PaperboyforWindows</MainPackageIdentityName>
    <MainPackageIdentityName>LiquidDaffodil.PecanFestivalScavengerHunt</MainPackageIdentityName>
    <MainPackageIdentityName>LiquidDaffodil.PeepPolls</MainPackageIdentityName>
    <MainPackageIdentityName>LiquidDaffodil.PestPoint</MainPackageIdentityName>
    <MainPackageIdentityName>LiquidDaffodil.PestPointBETA</MainPackageIdentityName>
    <MainPackageIdentityName>LiquidDaffodil.PestPointDEMO</MainPackageIdentityName>
    <MainPackageIdentityName>LiquidDaffodil.PestPointSmallBusinessEdition</MainPackageIdentityName>
    <MainPackageIdentityName>LiquidDaffodil.phablocate</MainPackageIdentityName>
    <MainPackageIdentityName>LiquidDaffodil.Phney</MainPackageIdentityName>
    <MainPackageIdentityName>LiquidDaffodil.Phoney</MainPackageIdentityName>
    <MainPackageIdentityName>LiquidDaffodil.PhucketList</MainPackageIdentityName>
    <MainPackageIdentityName>LiquidDaffodil.PicZip</MainPackageIdentityName>
    <MainPackageIdentityName>LiquidDaffodil.PL8S</MainPackageIdentityName>
    <MainPackageIdentityName>LiquidDaffodil.PlayPerfect</MainPackageIdentityName>
    <MainPackageIdentityName>LiquidDaffodil.QuidProQuo</MainPackageIdentityName>
    <MainPackageIdentityName>LiquidDaffodil.r8</MainPackageIdentityName>
    <MainPackageIdentityName>LiquidDaffodil.r8.it</MainPackageIdentityName>
    <MainPackageIdentityName>LiquidDaffodil.RedSwamp</MainPackageIdentityName>
    <MainPackageIdentityName>LiquidDaffodil.Ribisi</MainPackageIdentityName>
    <MainPackageIdentityName>LiquidDaffodil.routebeast</MainPackageIdentityName>
    <MainPackageIdentityName>LiquidDaffodil.RoutePaths</MainPackageIdentityName>
    <MainPackageIdentityName>LiquidDaffodil.Scavenger</MainPackageIdentityName>
    <MainPackageIdentityName>LiquidDaffodil.4791316527A09</MainPackageIdentityName>
    <MainPackageIdentityName>LiquidDaffodil.5095223D51066</MainPackageIdentityName>
    <MainPackageIdentityName>LiquidDaffodil.smacktoast</MainPackageIdentityName>
    <MainPackageIdentityName>LiquidDaffodil.SMSSearch</MainPackageIdentityName>
    <MainPackageIdentityName>LiquidDaffodil.SocialSearch</MainPackageIdentityName>
    <MainPackageIdentityName>LiquidDaffodil.stash</MainPackageIdentityName>
    <MainPackageIdentityName>LiquidDaffodil.Storyboard</MainPackageIdentityName>
    <MainPackageIdentityName>LiquidDaffodil.SuperrowiBros.Brawl</MainPackageIdentityName>
    <MainPackageIdentityName>LiquidDaffodil.SuperrowiBrosLifeCoach</MainPackageIdentityName>
    <MainPackageIdentityName>LiquidDaffodil.SuperrowiBrosTweetWerks</MainPackageIdentityName>
    <MainPackageIdentityName>LiquidDaffodil.653931AC47294</MainPackageIdentityName>
    <MainPackageIdentityName>LiquidDaffodil.Tagd</MainPackageIdentityName>
    <MainPackageIdentityName>LiquidDaffodil.tagur</MainPackageIdentityName>
    <MainPackageIdentityName>LiquidDaffodil.taint</MainPackageIdentityName>
    <MainPackageIdentityName>LiquidDaffodil.TheBoard</MainPackageIdentityName>
    <MainPackageIdentityName>LiquidDaffodil.TheOnionPeel</MainPackageIdentityName>
    <MainPackageIdentityName>LiquidDaffodil.ThePhucketList</MainPackageIdentityName>
    <MainPackageIdentityName>LiquidDaffodil.TheZombieProject</MainPackageIdentityName>
    <MainPackageIdentityName>LiquidDaffodil.33389AC5DD27F</MainPackageIdentityName>
    <MainPackageIdentityName>LiquidDaffodil.Tileophile</MainPackageIdentityName>
    <MainPackageIdentityName>LiquidDaffodil.244554FF316E7</MainPackageIdentityName>
    <MainPackageIdentityName>LiquidDaffodil.timecapsule</MainPackageIdentityName>
    <MainPackageIdentityName>LiquidDaffodil.TimeFlies</MainPackageIdentityName>
    <MainPackageIdentityName>LiquidDaffodil.TimeFly</MainPackageIdentityName>
    <MainPackageIdentityName>LiquidDaffodil.toastsmack</MainPackageIdentityName>
    <MainPackageIdentityName>LiquidDaffodil.Today</MainPackageIdentityName>
    <MainPackageIdentityName>LiquidDaffodil.Translator</MainPackageIdentityName>
    <MainPackageIdentityName>LiquidDaffodil.TravelingSalesman</MainPackageIdentityName>
    <MainPackageIdentityName>LiquidDaffodil.Tweave</MainPackageIdentityName>
    <MainPackageIdentityName>LiquidDaffodil.tweepgods</MainPackageIdentityName>
    <MainPackageIdentityName>LiquidDaffodil.TweePRO</MainPackageIdentityName>
    <MainPackageIdentityName>LiquidDaffodil.50692BCA43A8B</MainPackageIdentityName>
    <MainPackageIdentityName>LiquidDaffodil.Twstr</MainPackageIdentityName>
    <MainPackageIdentityName>LiquidDaffodil.TWEET.DOS</MainPackageIdentityName>
    <MainPackageIdentityName>LiquidDaffodil.Tweetana</MainPackageIdentityName>
    <MainPackageIdentityName>LiquidDaffodil.Tweetboard</MainPackageIdentityName>
    <MainPackageIdentityName>LiquidDaffodil.tweetclouds</MainPackageIdentityName>
    <MainPackageIdentityName>LiquidDaffodil.tweetile</MainPackageIdentityName>
    <MainPackageIdentityName>LiquidDaffodil.Tweetistics</MainPackageIdentityName>
    <MainPackageIdentityName>LiquidDaffodil.Tweetlook</MainPackageIdentityName>
    <MainPackageIdentityName>LiquidDaffodil.TweetWerks</MainPackageIdentityName>
    <MainPackageIdentityName>LiquidDaffodil.Tweeve</MainPackageIdentityName>
    <MainPackageIdentityName>LiquidDaffodil.twittersphere</MainPackageIdentityName>
    <MainPackageIdentityName>LiquidDaffodil.2592122910177</MainPackageIdentityName>
    <MainPackageIdentityName>LiquidDaffodil.berTranslator</MainPackageIdentityName>
    <MainPackageIdentityName>LiquidDaffodil.unification</MainPackageIdentityName>
    <MainPackageIdentityName>LiquidDaffodil.Uranus</MainPackageIdentityName>
    <MainPackageIdentityName>LiquidDaffodil.uo</MainPackageIdentityName>
    <MainPackageIdentityName>LiquidDaffodil.vent</MainPackageIdentityName>
    <MainPackageIdentityName>LiquidDaffodil.what.3.me</MainPackageIdentityName>
    <MainPackageIdentityName>LiquidDaffodil.what3words</MainPackageIdentityName>
    <MainPackageIdentityName>LiquidDaffodil.Whether</MainPackageIdentityName>
    <MainPackageIdentityName>LiquidDaffodil.5516125F34C3B</MainPackageIdentityName>
    <MainPackageIdentityName>LiquidDaffodil.ZipIt</MainPackageIdentityName>
    <MainPackageIdentityName>LiquidDaffodil.Zipr</MainPackageIdentityName>
  </AccountPackageIdentityNames>
  <PackageInfoList LandingUrl="https://developer.microsoft.com/dashboard/Application?appId=9P2DTXMQNL89" />
</StoreAssociation>